<?xml version="1.0" encoding="utf-8"?>
<resources>
  <item name ="black" type="color">#000000</item>

  <item name="colorPrimary" type="color">#008577</item>
  <item name="colorPrimaryDark" type="color">#00574B</item>
  <item name="colorAccent" type="color">#D81B60</item>

  <item name="btn_enabled_end" type="color">#0c3b33</item>
  <item name="btn_enabled_start" type="color">#23ad97</item>
  <item name="btn_pressed_end" type="color">#3b1409</item>
  <item name="btn_pressed_start" type="color">#ee5d33</item>
  <item name="btn_disabled_start" type="color">#666666</item>
  <item name="btn_disabled_end" type="color">#353535</item>
</resources>