<resources>
  <style name="Spinner">
    <item name="android:layout_width">wrap_content</item>
    <item name="android:layout_height">wrap_content</item>
  </style>

  <style name="PageButton">
    <item name="android:layout_width">wrap_content</item>
    <item name="android:layout_height">wrap_content</item>
    <item name="android:textAppearance">?android:attr/textAppearanceMedium</item>
    <item name="android:minHeight">0dp</item>
    <item name="android:minWidth">0dp</item>
    <item name="android:padding">6dp</item>
    <item name="android:textColor">@drawable/page_btn_fgd</item>
    <item name="android:background">@drawable/page_btn_bkgd</item>
  </style>

  <style name="TextInfo">
    <item name="android:layout_width">wrap_content</item>
    <item name="android:layout_height">wrap_content</item>
    <item name="android:textAppearance">?android:attr/textAppearanceMedium</item>
    <item name="android:textColor">#58575c</item>
    <item name="android:textStyle">normal</item>
  </style>

  <style name="StatusInfo" parent="TextInfo">
    <item name="android:layout_width">match_parent</item>
    <item name="android:singleLine">true</item>
    <item name="android:gravity">left</item>
    <item name="android:layout_marginLeft">@dimen/activity_horizontal_margin</item>
    <item name="android:layout_marginBottom">@dimen/activity_vertical_margin</item>
  </style>

</resources>